,Docking,Fitness
Ala237ARG,0.614140774,-0.825289685
Ala237ASN,0.954660748,-0.270929893
Ala237ASP,0.771084337,-0.615296508
Ala237CYS,1.031547242,-0.575093546
Ala237GLN,0.911699429,-0.469520271
Ala237GLU,0.950697527,-0.724050872
Ala237GLY,0.934686113,-0.070134264
Ala237HIS,-0.056959403,-0.95571025
Ala237ILE,0.907260621,-0.654003001
Ala237LEU,0.98065948,-0.281734197
Ala237LYS,0.710050729,-0.893441948
Ala237PHE,-0.056959403,-1.023381082
Ala237PRO,0.462904249,-1.102241223
Ala237SER,1.004755866,-0.126545217
Ala237THR,0.987951807,-0.288523096
Ala237TRP,-0.056959403,-1.037169367
Ala237TYR,-0.056959403,-0.862571043
Ala237VAL,1.012840837,-0.354447925